Filename,Class,ZipGrade ID,ID correct,First Name,Last Name,Num Questions,Num Correct,Percent Correct,Key Version,,TRUE
0626_001,,6630213024,TRUE,,,5,5,100,,,
0626_001,,6630213035,TRUE,,,5,5,100,,,
0626_001,,6630213029,TRUE,,,5,5,100,,,
0626_001,,6630213040,TRUE,,,5,5,100,,,
0626_001,,6630213018,TRUE,,,5,5,100,,,
0626_001,,6630213043,TRUE,,,5,5,100,,,
0626_001,,6630213008,TRUE,,,5,5,100,,,
0626_001,,6630213009,TRUE,,,5,5,100,,,
0626_001,,6630213015,TRUE,,,5,5,100,,,
0626_001,,6630213022,TRUE,,,5,5,100,,,
0626_001,,6630213023,TRUE,,,5,5,100,,,
0626_001,,6630213042,TRUE,,,5,5,100,,,
0626_001,,6630213013,TRUE,,,5,5,100,,,
0626_001,,6630213045,TRUE,,,5,5,100,,,
0626_001,,6630213016,TRUE,,,5,5,100,,,
0626_001,,6630213017,TRUE,,,5,5,100,,,
0626_001,,6630213044,TRUE,,,5,5,100,,,
0626_018,,6630213007,TRUE,,,5,5,100,,,
0626_018,,6630213014,TRUE,,,5,5,100,,,
0626_018,,6630213034,TRUE,,,5,5,100,,,
0626_018,,6630213030,TRUE,,,5,5,100,,,
0626_018,,6630213028,TRUE,,,5,5,100,,,
0626_018,,6630213027,TRUE,,,5,5,100,,,
0626_018,,6630213012,TRUE,,,5,5,100,,,
0626_018,,6630213033,TRUE,,,5,5,100,,,
0626_018,,6630213019,TRUE,,,5,5,100,,,
0626_018,,6430611042,TRUE,,,5,5,100,,,
0626_018,,6430611046,TRUE,,,5,5,100,,,
0626_018,,6430611051,TRUE,,,5,5,100,,,
0626_018,,6430611043,TRUE,,,5,5,100,,,
0626_018,,6430611052,TRUE,,,5,5,100,,,
0626_018,,6430611037,TRUE,,,5,5,100,,,
0626_018,,6430611040,TRUE,,,5,5,100,,,
0626_018,,6430611057,TRUE,,,5,5,100,,,
0626_018,,6430611022,TRUE,,,5,5,100,,,
0626_036,,6430611039,TRUE,,,5,5,100,,,
0626_036,,6430611026,TRUE,,,5,5,100,,,
0626_036,,6430611021,TRUE,,,5,5,100,,,
0626_036,,6430611050,TRUE,,,5,5,100,,,
0626_036,,6430611038,TRUE,,,5,5,100,,,
0627_001,,6430611032,TRUE,,,5,5,100,,,
0627_001,,6430611045,TRUE,,,5,5,100,,,
0627_001,,6430611066,TRUE,,,5,5,100,,,
0627_001,,6430611055,TRUE,,,5,5,100,,,
0627_001,,6430611054,TRUE,,,5,5,100,,,
0627_001,,6430611048,TRUE,,,5,5,100,,,
0627_001,,6430611003,TRUE,,,5,5,100,,,
0627_001,,6430611014,TRUE,,,5,5,100,,,
0627_001,,6430611013,TRUE,,,5,5,100,,,
0627_001,,6430611010,TRUE,,,5,5,100,,,
0627_001,,6430611011,TRUE,,,5,5,100,,,
0627_001,,6430611007,TRUE,,,5,5,100,,,
0627_001,,6430611002,TRUE,,,5,5,100,,,
0627_001,,6430611034,TRUE,,,5,5,100,,,
0627_001,,6630112007,TRUE,,,5,5,100,,,
0627_001,,6430611015,TRUE,,,5,5,100,,,
0627_001,,6630111033,TRUE,,,5,5,100,,,
0627_001,,6430611004,TRUE,,,5,5,100,,,
0627_001,,6430611012,TRUE,,,5,5,100,,,
0627_020,,6430611018,TRUE,,,5,5,100,,,
0627_020,,6430611019,TRUE,,,5,5,100,,,
0627_020,,6430611016,TRUE,,,5,5,100,,,
0627_020,,6430611006,TRUE,,,5,5,100,,,
0627_020,,6430611001,TRUE,,,5,5,100,,,
0627_020,,6430611017,TRUE,,,5,5,100,,,
0627_020,,6430611020,TRUE,,,5,5,100,,,
0627_020,,6430611067,TRUE,,,5,5,100,,,
0627_020,,6430611027,TRUE,,,5,5,100,,,
0627_020,,6430611030,TRUE,,,5,5,100,,,
0627_020,,6430611049,TRUE,,,5,5,100,,,
0627_020,,6436011035,TRUE,,,5,5,100,,,
0627_020,,6436011047,TRUE,,,5,5,100,,,
0627_020,,6436011023,TRUE,,,5,5,100,,,
0627_020,,6430111009,TRUE,,,5,5,100,,,
0627_020,,6630110132,TRUE,,,5,5,100,,,
0627_020,,6530311064,TRUE,,,5,5,100,,,
0627_020,,6430613009,TRUE,,,5,5,100,,,
0627_020,,6430613023,TRUE,,,5,5,100,,,
0627_039,,6630111012,TRUE,,,5,5,100,,,
0627_039,,6630111016,TRUE,,,5,5,100,,,
0627_039,,6630111010,TRUE,,,5,5,100,,,
0627_039,,6630111027,TRUE,,,5,5,100,,,
0627_039,,6630111019,TRUE,,,5,5,100,,,
0627_039,,6430613014,TRUE,,,5,5,100,,,
0627_039,,6430613013,TRUE,,,5,5,100,,,
0627_039,,6430613015,TRUE,,,5,5,100,,,
0627_039,,6430613036,TRUE,,,5,5,100,,,
0627_039,,6430613032,TRUE,,,5,5,100,,,
0627_039,,6430613028,TRUE,,,5,5,100,,,
0627_039,,6430613010,TRUE,,,5,5,100,,,
0627_039,,6430613006,TRUE,,,5,5,100,,,
0627_039,,6630111004,TRUE,,,5,5,100,,,
0627_039,,6630111005,TRUE,,,5,5,100,,,
0627_039,,6630111015,TRUE,,,5,5,100,,,
0627_039,,6630111006,TRUE,,,5,5,100,,,
0627_039,,6630111031,TRUE,,,5,5,100,,,
0627_057,,6630111018,TRUE,,,5,5,100,,,
0628_001,,6630313005,TRUE,,,5,5,100,,,
0628_001,,6630314011,TRUE,,,5,5,100,,,
0628_001,,6630312010,TRUE,,,5,5,100,,,
0628_001,,6630314012,TRUE,,,5,5,100,,,
0628_001,,6630212017,TRUE,,,5,5,100,,,
0628_001,,6630213005,TRUE,,,5,5,100,,,
0628_001,,6630212013,TRUE,,,5,5,100,,,
0628_001,,6630212011,TRUE,,,5,5,100,,,
0628_001,,6630212008,TRUE,,,5,5,100,,,
0628_001,,6630213002,TRUE,,,5,5,100,,,
0628_001,,6630212014,TRUE,,,5,5,100,,,
0628_001,,6630211011,TRUE,,,5,5,100,,,
0628_001,,6630213001,TRUE,,,5,5,100,,,
0628_001,,6630212005,TRUE,,,5,5,100,,,
0628_001,,6630213003,TRUE,,,5,5,100,,,
0628_001,,6630212003,TRUE,,,5,5,100,,,
0628_001,,6630211012,TRUE,,,5,5,100,,,
0628_001,,6630211005,TRUE,,,5,5,100,,,
0628_001,,6630212001,TRUE,,,5,5,100,,,
0628_020,,6630212012,TRUE,,,5,5,100,,,
0628_020,,6630212004,TRUE,,,5,5,100,,,
0628_020,,6430611064,TRUE,,,5,5,100,,,
0628_020,,6430611065,TRUE,,,5,5,100,,,
0628_020,,6430611063,TRUE,,,5,5,100,,,
0628_020,,6530212006,TRUE,,,5,5,100,,,
0628_020,,6630213026,TRUE,,,5,5,100,,,
0628_020,,6630211006,TRUE,,,5,5,100,,,
0628_020,,6630211004,TRUE,,,5,5,100,,,
0628_020,,6630211003,TRUE,,,5,5,100,,,
0628_020,,6630213004,TRUE,,,5,5,100,,,
0628_020,,6430613026,TRUE,,,5,5,100,,,
0628_020,,6430613024,TRUE,,,5,5,100,,,
0628_020,,6430613002,TRUE,,,5,5,100,,,
0628_020,,6430613037,TRUE,,,5,5,100,,,
0628_020,,6330112102,TRUE,,,5,5,100,,,
0628_020,,6630111038,TRUE,,,5,5,100,,,
0628_020,,6630111026,TRUE,,,5,5,100,,,
0628_020,,6630111036,TRUE,,,5,5,100,,,
0628_039,,6630111025,TRUE,,,5,5,100,,,
0628_039,,6630111021,TRUE,,,5,5,100,,,
0628_039,,6630111039,TRUE,,,5,5,100,,,